Model,WSOE_estados,v3c_estados,delta_estados,WSOE_transiciones,v3c_transiciones,delta_transiciones,WSOE_locales,v3c_locales,categoria
states_1020_iter_15_1776460545633.lts,1020,1020,0,6928,6928,0,2536,1856,iguales_estados_distintas_transiciones
states_105_iter_16_1776622199491.lts,105,105,0,520,520,0,136,68,iguales_estados_distintas_transiciones
states_108_iter_14_1776460544230.lts,60,60,0,295,295,0,121,81,iguales_estados_distintas_transiciones
states_108_iter_20_1776464161375.lts,60,60,0,295,295,0,121,81,iguales_estados_distintas_transiciones
states_108_iter_22_1776465962702.lts,108,108,0,591,591,0,153,81,iguales_estados_distintas_transiciones
states_108_iter_9_1776460537140.lts,33,33,0,100,100,0,49,27,iguales_estados_distintas_transiciones
states_120_iter_28_1776396152520.lts,112,112,0,800,801,1,0,0,iguales_estados_distintas_transiciones
states_120_iter_28_1776621259895.lts,112,112,0,800,801,1,0,0,iguales_estados_distintas_transiciones
states_125_iter_12_1776392401306.lts,125,125,0,525,525,0,225,150,iguales_estados_distintas_transiciones
states_125_iter_12_1776392668675.lts,125,125,0,525,525,0,225,150,iguales_estados_distintas_transiciones
states_125_iter_12_1776393274110.lts,125,125,0,525,525,0,225,150,iguales_estados_distintas_transiciones
states_125_iter_14_1776392674963.lts,125,125,0,525,525,0,225,150,iguales_estados_distintas_transiciones
states_125_iter_14_1776393280249.lts,125,125,0,525,525,0,225,150,iguales_estados_distintas_transiciones
states_125_iter_14_1776618345966.lts,125,125,0,525,525,0,225,150,iguales_estados_distintas_transiciones
states_125_iter_14_1776618378935.lts,125,125,0,525,525,0,225,150,iguales_estados_distintas_transiciones
states_125_iter_16_1776393326855.lts,125,125,0,525,525,0,225,150,iguales_estados_distintas_transiciones
states_125_iter_16_1776618428562.lts,125,125,0,525,525,0,225,150,iguales_estados_distintas_transiciones
states_125_iter_18_1776393509366.lts,125,125,0,525,525,0,225,150,iguales_estados_distintas_transiciones
states_125_iter_18_1776618691342.lts,125,125,0,525,525,0,225,150,iguales_estados_distintas_transiciones
states_125_iter_20_1776394224313.lts,125,125,0,525,525,0,225,150,iguales_estados_distintas_transiciones
states_125_iter_20_1776619326001.lts,125,125,0,525,525,0,225,150,iguales_estados_distintas_transiciones
states_126_iter_11_1776460543348.lts,126,126,0,590,590,0,192,108,iguales_estados_distintas_transiciones
states_126_iter_15_1776462358474.lts,126,126,0,590,590,0,192,108,iguales_estados_distintas_transiciones
states_126_iter_21_1776466177155.lts,126,126,0,590,590,0,192,108,iguales_estados_distintas_transiciones
states_126_iter_23_1776466181112.lts,126,126,0,590,590,0,192,108,iguales_estados_distintas_transiciones
states_12_iter_12_1776460544915.lts,12,12,0,24,24,0,8,0,iguales_estados_distintas_transiciones
states_12_iter_14_1776462346125.lts,12,12,0,24,24,0,8,0,iguales_estados_distintas_transiciones
states_12_iter_16_1776462360780.lts,12,12,0,24,24,0,8,0,iguales_estados_distintas_transiciones
states_12_iter_18_1776464162173.lts,12,12,0,24,24,0,8,0,iguales_estados_distintas_transiciones
states_12_iter_20_1776466164846.lts,12,12,0,24,24,0,8,0,iguales_estados_distintas_transiciones
states_12_iter_22_1776466179286.lts,12,12,0,24,24,0,8,0,iguales_estados_distintas_transiciones
states_12_iter_8_1776460535759.lts,12,12,0,24,24,0,8,0,iguales_estados_distintas_transiciones
states_132_iter_13_1776440090077.lts,132,132,0,442,442,0,176,66,iguales_estados_distintas_transiciones
states_144_iter_24_1776466178294.lts,144,144,0,920,920,0,312,216,iguales_estados_distintas_transiciones
states_155_iter_13_1776392399823.lts,155,155,0,1057,1057,0,513,412,iguales_estados_distintas_transiciones
states_155_iter_13_1776392603799.lts,155,155,0,1057,1057,0,513,412,iguales_estados_distintas_transiciones
states_155_iter_13_1776392667152.lts,155,155,0,1057,1057,0,513,412,iguales_estados_distintas_transiciones
states_155_iter_13_1776393272492.lts,155,155,0,1057,1057,0,513,412,iguales_estados_distintas_transiciones
states_15_iter_10_1776460542571.lts,15,15,0,31,31,0,10,0,iguales_estados_distintas_transiciones
states_15_iter_14_1776462346875.lts,15,15,0,31,31,0,10,0,iguales_estados_distintas_transiciones
states_15_iter_20_1776466165644.lts,15,15,0,31,31,0,10,0,iguales_estados_distintas_transiciones
states_15_iter_22_1776466180137.lts,15,15,0,31,31,0,10,0,iguales_estados_distintas_transiciones
states_15_iter_8_1776460536371.lts,15,15,0,31,31,0,10,0,iguales_estados_distintas_transiciones
states_1625_iter_21_1776393515440.lts,1625,1625,0,12075,12075,0,5425,3950,iguales_estados_distintas_transiciones
states_1625_iter_21_1776618697802.lts,1625,1625,0,12075,12075,0,5425,3950,iguales_estados_distintas_transiciones
states_16_iter_10_1776439931929.lts,16,16,0,168,168,0,16,8,iguales_estados_distintas_transiciones
states_16_iter_9_1776437248050.lts,16,16,0,132,132,0,16,8,iguales_estados_distintas_transiciones
states_17_iter_10_1776392399382.lts,13,13,0,42,45,3,20,18,iguales_estados_distintas_transiciones
states_17_iter_10_1776392603354.lts,13,13,0,42,45,3,20,18,iguales_estados_distintas_transiciones
states_17_iter_10_1776392666701.lts,13,13,0,42,45,3,20,18,iguales_estados_distintas_transiciones
states_17_iter_10_1776393272026.lts,13,13,0,42,45,3,20,18,iguales_estados_distintas_transiciones
states_189_iter_13_1776396509484.lts,189,189,0,1008,1008,0,360,180,iguales_estados_distintas_transiciones
states_18_iter_10_1776460543269.lts,18,18,0,38,38,0,12,0,iguales_estados_distintas_transiciones
states_18_iter_14_1776462358392.lts,18,18,0,38,38,0,12,0,iguales_estados_distintas_transiciones
states_18_iter_20_1776466177067.lts,18,18,0,38,38,0,12,0,iguales_estados_distintas_transiciones
states_18_iter_22_1776466181023.lts,18,18,0,38,38,0,12,0,iguales_estados_distintas_transiciones
states_18_iter_8_1776460537083.lts,18,18,0,38,38,0,12,0,iguales_estados_distintas_transiciones
states_19_iter_9_1776396499484.lts,19,19,0,76,76,0,12,6,iguales_estados_distintas_transiciones
states_20_iter_10_1776440421575.lts,20,20,0,318,318,0,20,10,iguales_estados_distintas_transiciones
states_20_iter_11_1776442097453.lts,20,20,0,250,250,0,20,10,iguales_estados_distintas_transiciones
states_20_iter_9_1776437257756.lts,20,20,0,228,228,0,20,10,iguales_estados_distintas_transiciones
states_25_iter_11_1776392401134.lts,25,25,0,70,70,0,30,20,iguales_estados_distintas_transiciones
states_25_iter_11_1776392668494.lts,25,25,0,70,70,0,30,20,iguales_estados_distintas_transiciones
states_25_iter_11_1776393273923.lts,25,25,0,70,70,0,30,20,iguales_estados_distintas_transiciones
states_25_iter_11_1776396506252.lts,25,25,0,104,104,0,16,8,iguales_estados_distintas_transiciones
states_25_iter_17_1776393509124.lts,25,25,0,70,70,0,30,20,iguales_estados_distintas_transiciones
states_25_iter_17_1776618691133.lts,25,25,0,70,70,0,30,20,iguales_estados_distintas_transiciones
states_25_iter_19_1776394224071.lts,25,25,0,70,70,0,30,20,iguales_estados_distintas_transiciones
states_25_iter_19_1776619325770.lts,25,25,0,70,70,0,30,20,iguales_estados_distintas_transiciones
states_25_iter_5_1776392397775.lts,25,25,0,70,70,0,30,20,iguales_estados_distintas_transiciones
states_25_iter_5_1776392555578.lts,25,25,0,70,70,0,30,20,iguales_estados_distintas_transiciones
states_25_iter_7_1776392398387.lts,25,25,0,70,70,0,30,20,iguales_estados_distintas_transiciones
states_25_iter_7_1776392556194.lts,25,25,0,70,70,0,30,20,iguales_estados_distintas_transiciones
states_25_iter_7_1776392602384.lts,25,25,0,70,70,0,30,20,iguales_estados_distintas_transiciones
states_25_iter_7_1776392665733.lts,25,25,0,70,70,0,30,20,iguales_estados_distintas_transiciones
states_25_iter_7_1776393271024.lts,25,25,0,70,70,0,30,20,iguales_estados_distintas_transiciones
states_25_iter_9_1776392399335.lts,25,25,0,70,70,0,30,20,iguales_estados_distintas_transiciones
states_25_iter_9_1776392603309.lts,25,25,0,70,70,0,30,20,iguales_estados_distintas_transiciones
states_25_iter_9_1776392666654.lts,25,25,0,70,70,0,30,20,iguales_estados_distintas_transiciones
states_25_iter_9_1776393271979.lts,25,25,0,70,70,0,30,20,iguales_estados_distintas_transiciones
states_270_iter_19_1776462359589.lts,150,150,0,725,725,0,325,225,iguales_estados_distintas_transiciones
states_27_iter_15_1776462345516.lts,15,15,0,40,40,0,19,9,iguales_estados_distintas_transiciones
states_300_iter_12_1776460539551.lts,300,300,0,2040,2040,0,680,480,iguales_estados_distintas_transiciones
states_30_iter_11_1776440694633.lts,30,30,0,237,237,0,36,15,iguales_estados_distintas_transiciones
states_31_iter_13_1776396582013.lts,31,31,0,132,132,0,20,10,iguales_estados_distintas_transiciones
states_325_iter_14_1776392401925.lts,325,325,0,1960,1960,0,890,660,iguales_estados_distintas_transiciones
states_325_iter_14_1776392669284.lts,325,325,0,1960,1960,0,890,660,iguales_estados_distintas_transiciones
states_325_iter_14_1776393274706.lts,325,325,0,1960,1960,0,890,660,iguales_estados_distintas_transiciones
states_325_iter_16_1776392675602.lts,325,325,0,1960,1960,0,890,660,iguales_estados_distintas_transiciones
states_325_iter_16_1776393280907.lts,325,325,0,1960,1960,0,890,660,iguales_estados_distintas_transiciones
states_325_iter_16_1776618346569.lts,325,325,0,1960,1960,0,890,660,iguales_estados_distintas_transiciones
states_325_iter_16_1776618379538.lts,325,325,0,1960,1960,0,890,660,iguales_estados_distintas_transiciones
states_325_iter_18_1776393327543.lts,325,325,0,1960,1960,0,890,660,iguales_estados_distintas_transiciones
states_325_iter_18_1776618429263.lts,325,325,0,1960,1960,0,890,660,iguales_estados_distintas_transiciones
states_325_iter_22_1776394225199.lts,325,325,0,1960,1960,0,890,660,iguales_estados_distintas_transiciones
states_325_iter_22_1776619326820.lts,325,325,0,1960,1960,0,890,660,iguales_estados_distintas_transiciones
states_32_iter_9_1776438253131.lts,32,32,0,460,460,0,32,16,iguales_estados_distintas_transiciones
states_360_iter_11_1776460530514.lts,360,360,0,2270,2270,0,834,594,iguales_estados_distintas_transiciones
states_36_iter_11_1776460537794.lts,36,36,0,119,119,0,33,9,iguales_estados_distintas_transiciones
states_36_iter_13_1776460544157.lts,36,36,0,149,149,0,51,27,iguales_estados_distintas_transiciones
states_36_iter_17_1776462359355.lts,36,36,0,119,119,0,33,9,iguales_estados_distintas_transiciones
states_36_iter_21_1776465962619.lts,36,36,0,149,149,0,51,27,iguales_estados_distintas_transiciones
states_446_iter_14_1776398374850.lts,446,446,0,1444,1444,0,283,282,iguales_estados_distintas_transiciones
states_450_iter_16_1776462347170.lts,450,450,0,2340,2340,0,675,375,iguales_estados_distintas_transiciones
states_48_iter_13_1776460544965.lts,48,48,0,168,168,0,32,0,iguales_estados_distintas_transiciones
states_48_iter_21_1776466164900.lts,21,21,0,60,60,0,29,15,iguales_estados_distintas_transiciones
states_48_iter_23_1776466179334.lts,21,21,0,60,60,0,29,15,iguales_estados_distintas_transiciones
states_4_iter_10_1776396571163.lts,4,4,0,6,6,0,2,1,iguales_estados_distintas_transiciones
states_4_iter_10_1776622021711.lts,4,4,0,6,6,0,2,1,iguales_estados_distintas_transiciones
states_4_iter_11_1776622021745.lts,4,4,0,6,6,0,2,1,iguales_estados_distintas_transiciones
states_4_iter_12_1776622021779.lts,4,4,0,6,6,0,2,1,iguales_estados_distintas_transiciones
states_4_iter_1_1776396498633.lts,4,4,0,6,6,0,2,1,iguales_estados_distintas_transiciones
states_4_iter_1_1776396503683.lts,4,4,0,6,6,0,2,1,iguales_estados_distintas_transiciones
states_4_iter_1_1776396570786.lts,4,4,0,6,6,0,2,1,iguales_estados_distintas_transiciones
states_4_iter_1_1776622021305.lts,4,4,0,6,6,0,2,1,iguales_estados_distintas_transiciones
states_4_iter_2_1776396498745.lts,4,4,0,6,6,0,2,1,iguales_estados_distintas_transiciones
states_4_iter_2_1776396503787.lts,4,4,0,6,6,0,2,1,iguales_estados_distintas_transiciones
states_4_iter_2_1776396570886.lts,4,4,0,6,6,0,2,1,iguales_estados_distintas_transiciones
states_4_iter_2_1776622021426.lts,4,4,0,6,6,0,2,1,iguales_estados_distintas_transiciones
states_4_iter_3_1776396498781.lts,4,4,0,6,6,0,2,1,iguales_estados_distintas_transiciones
states_4_iter_3_1776396503821.lts,4,4,0,6,6,0,2,1,iguales_estados_distintas_transiciones
states_4_iter_3_1776396570926.lts,4,4,0,6,6,0,2,1,iguales_estados_distintas_transiciones
states_4_iter_3_1776622021467.lts,4,4,0,6,6,0,2,1,iguales_estados_distintas_transiciones
states_4_iter_4_1776396498812.lts,4,4,0,6,6,0,2,1,iguales_estados_distintas_transiciones
states_4_iter_5_1776396503887.lts,4,4,0,6,6,0,2,1,iguales_estados_distintas_transiciones
states_4_iter_5_1776396570996.lts,4,4,0,6,6,0,2,1,iguales_estados_distintas_transiciones
states_4_iter_5_1776622021541.lts,4,4,0,6,6,0,2,1,iguales_estados_distintas_transiciones
states_4_iter_6_1776396571031.lts,4,4,0,6,6,0,2,1,iguales_estados_distintas_transiciones
states_4_iter_6_1776622021575.lts,4,4,0,6,6,0,2,1,iguales_estados_distintas_transiciones
states_4_iter_7_1776622021609.lts,4,4,0,6,6,0,2,1,iguales_estados_distintas_transiciones
states_4_iter_8_1776396503983.lts,4,4,0,6,6,0,2,1,iguales_estados_distintas_transiciones
states_4_iter_9_1776396571129.lts,4,4,0,6,6,0,2,1,iguales_estados_distintas_transiciones
states_51_iter_10_1776396499867.lts,51,51,0,232,232,0,64,32,iguales_estados_distintas_transiciones
states_540_iter_22_1776466166010.lts,540,540,0,3816,3816,0,1260,900,iguales_estados_distintas_transiciones
states_60_iter_11_1776437250296.lts,60,60,0,202,202,0,72,30,iguales_estados_distintas_transiciones
states_60_iter_11_1776460539372.lts,60,60,0,264,264,0,88,48,iguales_estados_distintas_transiciones
states_60_iter_15_1776462346183.lts,60,60,0,264,264,0,88,48,iguales_estados_distintas_transiciones
states_60_iter_17_1776462360831.lts,60,60,0,264,264,0,88,48,iguales_estados_distintas_transiciones
states_60_iter_19_1776464162226.lts,60,60,0,212,212,0,56,16,iguales_estados_distintas_transiciones
states_625_iter_19_1776393510446.lts,625,625,0,3500,3500,0,1500,1000,iguales_estados_distintas_transiciones
states_625_iter_19_1776618692562.lts,625,625,0,3500,3500,0,1500,1000,iguales_estados_distintas_transiciones
states_65_iter_11_1776392399478.lts,65,65,0,301,301,0,139,106,iguales_estados_distintas_transiciones
states_65_iter_11_1776392603450.lts,65,65,0,301,301,0,139,106,iguales_estados_distintas_transiciones
states_65_iter_11_1776392666813.lts,65,65,0,301,301,0,139,106,iguales_estados_distintas_transiciones
states_65_iter_11_1776393272129.lts,65,65,0,301,301,0,139,106,iguales_estados_distintas_transiciones
states_65_iter_9_1776392398532.lts,65,65,0,301,301,0,139,106,iguales_estados_distintas_transiciones
states_65_iter_9_1776392602521.lts,65,65,0,301,301,0,139,106,iguales_estados_distintas_transiciones
states_65_iter_9_1776392665870.lts,65,65,0,301,301,0,139,106,iguales_estados_distintas_transiciones
states_74_iter_11_1776437844019.lts,74,74,0,315,315,0,92,37,iguales_estados_distintas_transiciones
states_756_iter_24_1776466181460.lts,756,756,0,4062,4062,0,1152,648,iguales_estados_distintas_transiciones
states_75_iter_23_1776466180194.lts,27,27,0,80,80,0,39,21,iguales_estados_distintas_transiciones
states_7_iter_11_1776392674701.lts,5,5,0,7,7,0,3,2,iguales_estados_distintas_transiciones
states_7_iter_11_1776393279993.lts,5,5,0,7,7,0,3,2,iguales_estados_distintas_transiciones
states_7_iter_11_1776393326529.lts,5,5,0,7,7,0,3,2,iguales_estados_distintas_transiciones
states_7_iter_11_1776393508952.lts,5,5,0,7,7,0,3,2,iguales_estados_distintas_transiciones
states_7_iter_11_1776394223837.lts,5,5,0,7,7,0,3,2,iguales_estados_distintas_transiciones
states_7_iter_11_1776618345713.lts,5,5,0,7,7,0,3,2,iguales_estados_distintas_transiciones
states_7_iter_11_1776618378646.lts,5,5,0,7,7,0,3,2,iguales_estados_distintas_transiciones
states_7_iter_11_1776618428222.lts,5,5,0,7,7,0,3,2,iguales_estados_distintas_transiciones
states_7_iter_11_1776618690963.lts,5,5,0,7,7,0,3,2,iguales_estados_distintas_transiciones
states_7_iter_11_1776619325517.lts,5,5,0,7,7,0,3,2,iguales_estados_distintas_transiciones
states_7_iter_13_1776393326575.lts,5,5,0,7,7,0,3,2,iguales_estados_distintas_transiciones
states_7_iter_13_1776393509000.lts,5,5,0,7,7,0,3,2,iguales_estados_distintas_transiciones
states_7_iter_13_1776394223887.lts,5,5,0,7,7,0,3,2,iguales_estados_distintas_transiciones
states_7_iter_13_1776618428269.lts,5,5,0,7,7,0,3,2,iguales_estados_distintas_transiciones
states_7_iter_13_1776618691016.lts,5,5,0,7,7,0,3,2,iguales_estados_distintas_transiciones
states_7_iter_13_1776619325567.lts,5,5,0,7,7,0,3,2,iguales_estados_distintas_transiciones
states_7_iter_15_1776393509048.lts,5,5,0,7,7,0,3,2,iguales_estados_distintas_transiciones
states_7_iter_15_1776394223937.lts,5,5,0,7,7,0,3,2,iguales_estados_distintas_transiciones
states_7_iter_15_1776618691064.lts,5,5,0,7,7,0,3,2,iguales_estados_distintas_transiciones
states_7_iter_15_1776619325625.lts,5,5,0,7,7,0,3,2,iguales_estados_distintas_transiciones
states_7_iter_17_1776394223989.lts,5,5,0,7,7,0,3,2,iguales_estados_distintas_transiciones
states_7_iter_17_1776619325683.lts,5,5,0,7,7,0,3,2,iguales_estados_distintas_transiciones
states_7_iter_1_1776392397583.lts,5,5,0,7,7,0,3,2,iguales_estados_distintas_transiciones
states_7_iter_1_1776392398146.lts,5,5,0,7,7,0,3,2,iguales_estados_distintas_transiciones
states_7_iter_1_1776392399035.lts,5,5,0,7,7,0,3,2,iguales_estados_distintas_transiciones
states_7_iter_1_1776392400804.lts,5,5,0,7,7,0,3,2,iguales_estados_distintas_transiciones
states_7_iter_1_1776392555390.lts,5,5,0,7,7,0,3,2,iguales_estados_distintas_transiciones
states_7_iter_1_1776392555969.lts,5,5,0,7,7,0,3,2,iguales_estados_distintas_transiciones
states_7_iter_1_1776392602165.lts,5,5,0,7,7,0,3,2,iguales_estados_distintas_transiciones
states_7_iter_1_1776392603037.lts,5,5,0,7,7,0,3,2,iguales_estados_distintas_transiciones
states_7_iter_1_1776392665506.lts,5,5,0,7,7,0,3,2,iguales_estados_distintas_transiciones
states_7_iter_1_1776392666386.lts,5,5,0,7,7,0,3,2,iguales_estados_distintas_transiciones
states_7_iter_1_1776392668155.lts,5,5,0,7,7,0,3,2,iguales_estados_distintas_transiciones
states_7_iter_1_1776392674375.lts,5,5,0,7,7,0,3,2,iguales_estados_distintas_transiciones
states_7_iter_1_1776393270785.lts,5,5,0,7,7,0,3,2,iguales_estados_distintas_transiciones
states_7_iter_1_1776393271706.lts,5,5,0,7,7,0,3,2,iguales_estados_distintas_transiciones
states_7_iter_1_1776393273579.lts,5,5,0,7,7,0,3,2,iguales_estados_distintas_transiciones
states_7_iter_1_1776393279666.lts,5,5,0,7,7,0,3,2,iguales_estados_distintas_transiciones
states_7_iter_1_1776393326195.lts,5,5,0,7,7,0,3,2,iguales_estados_distintas_transiciones
states_7_iter_1_1776393508624.lts,5,5,0,7,7,0,3,2,iguales_estados_distintas_transiciones
states_7_iter_1_1776394223495.lts,5,5,0,7,7,0,3,2,iguales_estados_distintas_transiciones
states_7_iter_1_1776618345377.lts,5,5,0,7,7,0,3,2,iguales_estados_distintas_transiciones
states_7_iter_1_1776618378335.lts,5,5,0,7,7,0,3,2,iguales_estados_distintas_transiciones
states_7_iter_1_1776618427884.lts,5,5,0,7,7,0,3,2,iguales_estados_distintas_transiciones
states_7_iter_1_1776618690628.lts,5,5,0,7,7,0,3,2,iguales_estados_distintas_transiciones
states_7_iter_1_1776619325166.lts,5,5,0,7,7,0,3,2,iguales_estados_distintas_transiciones
states_7_iter_3_1776392397719.lts,5,5,0,7,7,0,3,2,iguales_estados_distintas_transiciones
states_7_iter_3_1776392398275.lts,5,5,0,7,7,0,3,2,iguales_estados_distintas_transiciones
states_7_iter_3_1776392399166.lts,5,5,0,7,7,0,3,2,iguales_estados_distintas_transiciones
states_7_iter_3_1776392400925.lts,5,5,0,7,7,0,3,2,iguales_estados_distintas_transiciones
states_7_iter_3_1776392555513.lts,5,5,0,7,7,0,3,2,iguales_estados_distintas_transiciones
states_7_iter_3_1776392556089.lts,5,5,0,7,7,0,3,2,iguales_estados_distintas_transiciones
states_7_iter_3_1776392602276.lts,5,5,0,7,7,0,3,2,iguales_estados_distintas_transiciones
states_7_iter_3_1776392603155.lts,5,5,0,7,7,0,3,2,iguales_estados_distintas_transiciones
states_7_iter_3_1776392665624.lts,5,5,0,7,7,0,3,2,iguales_estados_distintas_transiciones
states_7_iter_3_1776392666499.lts,5,5,0,7,7,0,3,2,iguales_estados_distintas_transiciones
states_7_iter_3_1776392668284.lts,5,5,0,7,7,0,3,2,iguales_estados_distintas_transiciones
states_7_iter_3_1776392674516.lts,5,5,0,7,7,0,3,2,iguales_estados_distintas_transiciones
states_7_iter_3_1776393270921.lts,5,5,0,7,7,0,3,2,iguales_estados_distintas_transiciones
states_7_iter_3_1776393271821.lts,5,5,0,7,7,0,3,2,iguales_estados_distintas_transiciones
states_7_iter_3_1776393273713.lts,5,5,0,7,7,0,3,2,iguales_estados_distintas_transiciones
states_7_iter_3_1776393279798.lts,5,5,0,7,7,0,3,2,iguales_estados_distintas_transiciones
states_7_iter_3_1776393326339.lts,5,5,0,7,7,0,3,2,iguales_estados_distintas_transiciones
states_7_iter_3_1776393508752.lts,5,5,0,7,7,0,3,2,iguales_estados_distintas_transiciones
states_7_iter_3_1776394223623.lts,5,5,0,7,7,0,3,2,iguales_estados_distintas_transiciones
states_7_iter_3_1776618345512.lts,5,5,0,7,7,0,3,2,iguales_estados_distintas_transiciones
states_7_iter_3_1776618378456.lts,5,5,0,7,7,0,3,2,iguales_estados_distintas_transiciones
states_7_iter_3_1776618428012.lts,5,5,0,7,7,0,3,2,iguales_estados_distintas_transiciones
states_7_iter_3_1776618690759.lts,5,5,0,7,7,0,3,2,iguales_estados_distintas_transiciones
states_7_iter_3_1776619325295.lts,5,5,0,7,7,0,3,2,iguales_estados_distintas_transiciones
states_7_iter_5_1776392398318.lts,5,5,0,7,7,0,3,2,iguales_estados_distintas_transiciones
states_7_iter_5_1776392399217.lts,5,5,0,7,7,0,3,2,iguales_estados_distintas_transiciones
states_7_iter_5_1776392400970.lts,5,5,0,7,7,0,3,2,iguales_estados_distintas_transiciones
states_7_iter_5_1776392556135.lts,5,5,0,7,7,0,3,2,iguales_estados_distintas_transiciones
states_7_iter_5_1776392602322.lts,5,5,0,7,7,0,3,2,iguales_estados_distintas_transiciones
states_7_iter_5_1776392603202.lts,5,5,0,7,7,0,3,2,iguales_estados_distintas_transiciones
states_7_iter_5_1776392665672.lts,5,5,0,7,7,0,3,2,iguales_estados_distintas_transiciones
states_7_iter_5_1776392666546.lts,5,5,0,7,7,0,3,2,iguales_estados_distintas_transiciones
states_7_iter_5_1776392668332.lts,5,5,0,7,7,0,3,2,iguales_estados_distintas_transiciones
states_7_iter_5_1776392674564.lts,5,5,0,7,7,0,3,2,iguales_estados_distintas_transiciones
states_7_iter_5_1776393270963.lts,5,5,0,7,7,0,3,2,iguales_estados_distintas_transiciones
states_7_iter_5_1776393271866.lts,5,5,0,7,7,0,3,2,iguales_estados_distintas_transiciones
states_7_iter_5_1776393273760.lts,5,5,0,7,7,0,3,2,iguales_estados_distintas_transiciones
states_7_iter_5_1776393279846.lts,5,5,0,7,7,0,3,2,iguales_estados_distintas_transiciones
states_7_iter_5_1776393326390.lts,5,5,0,7,7,0,3,2,iguales_estados_distintas_transiciones
states_7_iter_5_1776393508805.lts,5,5,0,7,7,0,3,2,iguales_estados_distintas_transiciones
states_7_iter_5_1776394223677.lts,5,5,0,7,7,0,3,2,iguales_estados_distintas_transiciones
states_7_iter_5_1776618345574.lts,5,5,0,7,7,0,3,2,iguales_estados_distintas_transiciones
states_7_iter_5_1776618378506.lts,5,5,0,7,7,0,3,2,iguales_estados_distintas_transiciones
states_7_iter_5_1776618428064.lts,5,5,0,7,7,0,3,2,iguales_estados_distintas_transiciones
states_7_iter_5_1776618690813.lts,5,5,0,7,7,0,3,2,iguales_estados_distintas_transiciones
states_7_iter_5_1776619325359.lts,5,5,0,7,7,0,3,2,iguales_estados_distintas_transiciones
states_7_iter_7_1776392399271.lts,5,5,0,7,7,0,3,2,iguales_estados_distintas_transiciones
states_7_iter_7_1776392401020.lts,5,5,0,7,7,0,3,2,iguales_estados_distintas_transiciones
states_7_iter_7_1776392603247.lts,5,5,0,7,7,0,3,2,iguales_estados_distintas_transiciones
states_7_iter_7_1776392666594.lts,5,5,0,7,7,0,3,2,iguales_estados_distintas_transiciones
states_7_iter_7_1776392668376.lts,5,5,0,7,7,0,3,2,iguales_estados_distintas_transiciones
states_7_iter_7_1776392674612.lts,5,5,0,7,7,0,3,2,iguales_estados_distintas_transiciones
states_7_iter_7_1776393271911.lts,5,5,0,7,7,0,3,2,iguales_estados_distintas_transiciones
states_7_iter_7_1776393273806.lts,5,5,0,7,7,0,3,2,iguales_estados_distintas_transiciones
states_7_iter_7_1776393279898.lts,5,5,0,7,7,0,3,2,iguales_estados_distintas_transiciones
states_7_iter_7_1776393326437.lts,5,5,0,7,7,0,3,2,iguales_estados_distintas_transiciones
states_7_iter_7_1776393508853.lts,5,5,0,7,7,0,3,2,iguales_estados_distintas_transiciones
states_7_iter_7_1776394223728.lts,5,5,0,7,7,0,3,2,iguales_estados_distintas_transiciones
states_7_iter_7_1776618345618.lts,5,5,0,7,7,0,3,2,iguales_estados_distintas_transiciones
states_7_iter_7_1776618378553.lts,5,5,0,7,7,0,3,2,iguales_estados_distintas_transiciones
states_7_iter_7_1776618428118.lts,5,5,0,7,7,0,3,2,iguales_estados_distintas_transiciones
states_7_iter_7_1776618690864.lts,5,5,0,7,7,0,3,2,iguales_estados_distintas_transiciones
states_7_iter_7_1776619325415.lts,5,5,0,7,7,0,3,2,iguales_estados_distintas_transiciones
states_7_iter_9_1776392401064.lts,5,5,0,7,7,0,3,2,iguales_estados_distintas_transiciones
states_7_iter_9_1776392668420.lts,5,5,0,7,7,0,3,2,iguales_estados_distintas_transiciones
states_7_iter_9_1776392674657.lts,5,5,0,7,7,0,3,2,iguales_estados_distintas_transiciones
states_7_iter_9_1776393273850.lts,5,5,0,7,7,0,3,2,iguales_estados_distintas_transiciones
states_7_iter_9_1776393279947.lts,5,5,0,7,7,0,3,2,iguales_estados_distintas_transiciones
states_7_iter_9_1776393326483.lts,5,5,0,7,7,0,3,2,iguales_estados_distintas_transiciones
states_7_iter_9_1776393508901.lts,5,5,0,7,7,0,3,2,iguales_estados_distintas_transiciones
states_7_iter_9_1776394223779.lts,5,5,0,7,7,0,3,2,iguales_estados_distintas_transiciones
states_7_iter_9_1776618345667.lts,5,5,0,7,7,0,3,2,iguales_estados_distintas_transiciones
states_7_iter_9_1776618378599.lts,5,5,0,7,7,0,3,2,iguales_estados_distintas_transiciones
states_7_iter_9_1776618428170.lts,5,5,0,7,7,0,3,2,iguales_estados_distintas_transiciones
states_7_iter_9_1776618690913.lts,5,5,0,7,7,0,3,2,iguales_estados_distintas_transiciones
states_7_iter_9_1776619325466.lts,5,5,0,7,7,0,3,2,iguales_estados_distintas_transiciones
states_845_iter_20_1776393329372.lts,845,845,0,6643,6643,0,3107,2418,iguales_estados_distintas_transiciones
states_845_iter_20_1776618431447.lts,845,845,0,6643,6643,0,3107,2418,iguales_estados_distintas_transiciones
states_845_iter_24_1776394227802.lts,845,845,0,6643,6643,0,3107,2418,iguales_estados_distintas_transiciones
states_845_iter_24_1776619329327.lts,845,845,0,6643,6643,0,3107,2418,iguales_estados_distintas_transiciones
states_84_iter_12_1776439977921.lts,84,84,0,338,338,0,100,42,iguales_estados_distintas_transiciones
states_87_iter_14_1776396591160.lts,87,87,0,424,424,0,112,56,iguales_estados_distintas_transiciones
states_905_iter_21_1776392679413.lts,905,905,0,10052,10052,0,5068,4212,iguales_estados_distintas_transiciones
states_905_iter_21_1776393284405.lts,905,905,0,10052,10052,0,5068,4212,iguales_estados_distintas_transiciones
states_905_iter_21_1776618383284.lts,905,905,0,10052,10052,0,5068,4212,iguales_estados_distintas_transiciones
states_90_iter_11_1776460542635.lts,90,90,0,411,411,0,135,75,iguales_estados_distintas_transiciones
states_90_iter_21_1776466165710.lts,90,90,0,411,411,0,135,75,iguales_estados_distintas_transiciones
states_90_iter_9_1776460536440.lts,90,90,0,411,411,0,135,75,iguales_estados_distintas_transiciones
states_9_iter_10_1776460537753.lts,9,9,0,17,17,0,6,0,iguales_estados_distintas_transiciones
states_9_iter_12_1776460544111.lts,9,9,0,17,17,0,6,0,iguales_estados_distintas_transiciones
states_9_iter_14_1776462345475.lts,9,9,0,17,17,0,6,0,iguales_estados_distintas_transiciones
states_9_iter_18_1776464161241.lts,9,9,0,17,17,0,6,0,iguales_estados_distintas_transiciones
states_9_iter_20_1776465962569.lts,9,9,0,17,17,0,6,0,iguales_estados_distintas_transiciones
states_9_iter_22_1776466178128.lts,9,9,0,17,17,0,6,0,iguales_estados_distintas_transiciones
states_9_iter_8_1776460530193.lts,9,9,0,17,17,0,6,0,iguales_estados_distintas_transiciones
states_11_iter_14_1776396025781.lts,10,11,1,56,58,2,0,0,v3c_mas_estados
states_13_iter_16_1776396027315.lts,12,13,1,68,70,2,0,0,v3c_mas_estados
states_13_iter_16_1776621125765.lts,12,13,1,68,70,2,0,0,v3c_mas_estados
states_15_iter_18_1776396029786.lts,14,15,1,80,82,2,0,0,v3c_mas_estados
states_15_iter_18_1776621128228.lts,14,15,1,80,82,2,0,0,v3c_mas_estados
states_17_iter_20_1776396035939.lts,16,17,1,92,94,2,0,0,v3c_mas_estados
states_17_iter_20_1776621134333.lts,16,17,1,92,94,2,0,0,v3c_mas_estados
states_19_iter_22_1776396053166.lts,18,19,1,104,106,2,0,0,v3c_mas_estados
states_19_iter_22_1776621151694.lts,18,19,1,104,106,2,0,0,v3c_mas_estados
states_21_iter_24_1776396152141.lts,20,21,1,116,118,2,0,0,v3c_mas_estados
states_21_iter_24_1776621259523.lts,20,21,1,116,118,2,0,0,v3c_mas_estados
states_23_iter_26_1776621675957.lts,22,23,1,128,130,2,0,0,v3c_mas_estados
states_25_iter_28_1776621867857.lts,24,25,1,140,142,2,0,0,v3c_mas_estados
states_2_iter_2_1776396023764.lts,1,2,1,14,16,2,0,0,v3c_mas_estados
states_2_iter_2_1776396024486.lts,1,2,1,18,20,2,0,0,v3c_mas_estados
states_2_iter_2_1776396025504.lts,1,2,1,22,24,2,0,0,v3c_mas_estados
states_2_iter_2_1776396026989.lts,1,2,1,26,28,2,0,0,v3c_mas_estados
states_2_iter_2_1776396029414.lts,1,2,1,30,32,2,0,0,v3c_mas_estados
states_2_iter_2_1776396035499.lts,1,2,1,34,36,2,0,0,v3c_mas_estados
states_2_iter_2_1776396052679.lts,1,2,1,38,40,2,0,0,v3c_mas_estados
states_2_iter_2_1776396151595.lts,1,2,1,42,44,2,0,0,v3c_mas_estados
states_2_iter_2_1776621125439.lts,1,2,1,26,28,2,0,0,v3c_mas_estados
states_2_iter_2_1776621127856.lts,1,2,1,30,32,2,0,0,v3c_mas_estados
states_2_iter_2_1776621133908.lts,1,2,1,34,36,2,0,0,v3c_mas_estados
states_2_iter_2_1776621151206.lts,1,2,1,38,40,2,0,0,v3c_mas_estados
states_2_iter_2_1776621258973.lts,1,2,1,42,44,2,0,0,v3c_mas_estados
states_2_iter_2_1776621675343.lts,1,2,1,46,48,2,0,0,v3c_mas_estados
states_2_iter_2_1776621867174.lts,1,2,1,50,52,2,0,0,v3c_mas_estados
states_31_iter_7_1776410804599.lts,26,27,1,229,238,9,23,23,v3c_mas_estados
states_7_iter_10_1776396023944.lts,6,7,1,32,34,2,0,0,v3c_mas_estados
states_9_iter_12_1776396024718.lts,8,9,1,44,46,2,0,0,v3c_mas_estados
states_10_iter_11_1776396023962.lts,8,10,2,48,52,4,0,0,v3c_mas_estados
states_10_iter_16_1776396024908.lts,8,10,2,68,73,5,0,0,v3c_mas_estados
states_10_iter_32_1776396037308.lts,8,10,2,164,169,5,0,0,v3c_mas_estados
states_10_iter_32_1776621135673.lts,8,10,2,164,169,5,0,0,v3c_mas_estados
states_10_iter_36_1776396056918.lts,8,10,2,232,237,5,0,0,v3c_mas_estados
states_10_iter_36_1776621155444.lts,8,10,2,232,237,5,0,0,v3c_mas_estados
states_142_iter_11_1776396499994.lts,138,140,2,512,516,4,236,120,v3c_mas_estados
states_14_iter_14_1776396024804.lts,12,14,2,80,85,5,0,0,v3c_mas_estados
states_18_iter_15_1776396025804.lts,16,18,2,96,100,4,0,0,v3c_mas_estados
states_26_iter_19_1776396029813.lts,24,26,2,144,148,4,0,0,v3c_mas_estados
states_26_iter_19_1776621128253.lts,24,26,2,144,148,4,0,0,v3c_mas_estados
states_30_iter_22_1776396036051.lts,28,30,2,184,189,5,0,0,v3c_mas_estados
states_30_iter_22_1776621134452.lts,28,30,2,184,189,5,0,0,v3c_mas_estados
states_38_iter_26_1776396152283.lts,36,38,2,236,241,5,0,0,v3c_mas_estados
states_38_iter_26_1776621259655.lts,36,38,2,236,241,5,0,0,v3c_mas_estados
states_42_iter_27_1776621675998.lts,40,42,2,240,244,4,0,0,v3c_mas_estados
states_46_iter_29_1776621867895.lts,44,46,2,264,268,4,0,0,v3c_mas_estados
states_6_iter_18_1776396025003.lts,4,6,2,58,63,5,0,0,v3c_mas_estados
states_6_iter_26_1776396028243.lts,4,6,2,104,109,5,0,0,v3c_mas_estados
states_6_iter_26_1776621126678.lts,4,6,2,104,109,5,0,0,v3c_mas_estados
states_6_iter_38_1776396057236.lts,4,6,2,232,237,5,0,0,v3c_mas_estados
states_6_iter_38_1776621155792.lts,4,6,2,232,237,5,0,0,v3c_mas_estados
states_6_iter_46_1776621685568.lts,4,6,2,444,449,5,0,0,v3c_mas_estados
states_6_iter_50_1776621874241.lts,4,6,2,400,405,5,0,0,v3c_mas_estados
states_17_iter_8_1776393271078.lts,13,16,3,42,48,6,20,20,v3c_mas_estados
states_21_iter_5_1776410675547.lts,16,19,3,81,96,15,15,16,v3c_mas_estados
states_36_iter_8_1776412229300.lts,31,34,3,333,366,33,27,28,v3c_mas_estados
states_41_iter_9_1776414029747.lts,36,39,3,457,496,39,31,32,v3c_mas_estados
states_46_iter_10_1776415830283.lts,41,44,3,601,646,45,35,36,v3c_mas_estados
states_51_iter_11_1776417630889.lts,46,49,3,765,816,51,39,40,v3c_mas_estados
states_544_iter_14_1776396501342.lts,528,531,3,3232,3268,36,2080,1058,v3c_mas_estados
states_56_iter_12_1776419431482.lts,51,54,3,949,1006,57,43,44,v3c_mas_estados
states_68_iter_27_1776396152369.lts,64,67,3,436,444,8,0,0,v3c_mas_estados
states_68_iter_27_1776621259741.lts,64,67,3,436,444,8,0,0,v3c_mas_estados
states_12_iter_12_1776396024003.lts,8,12,4,54,74,20,0,0,v3c_mas_estados
states_12_iter_13_1776396024043.lts,8,12,4,72,82,10,0,0,v3c_mas_estados
states_12_iter_13_1776396024759.lts,8,12,4,49,69,20,0,0,v3c_mas_estados
states_12_iter_17_1776396024951.lts,4,8,4,38,66,28,0,0,v3c_mas_estados
states_12_iter_33_1776396037369.lts,8,12,4,292,302,10,0,0,v3c_mas_estados
states_12_iter_33_1776621135735.lts,8,12,4,292,302,10,0,0,v3c_mas_estados
states_17_iter_6_1776392397824.lts,13,17,4,42,48,6,20,20,v3c_mas_estados
states_17_iter_6_1776392555632.lts,13,17,4,42,48,6,20,20,v3c_mas_estados
states_28_iter_16_1776396025834.lts,24,28,4,160,168,8,0,0,v3c_mas_estados
states_36_iter_18_1776396027371.lts,32,36,4,208,216,8,0,0,v3c_mas_estados
states_36_iter_18_1776621125821.lts,32,36,4,208,216,8,0,0,v3c_mas_estados
states_44_iter_20_1776396029856.lts,40,44,4,256,264,8,0,0,v3c_mas_estados
states_44_iter_20_1776621128293.lts,40,44,4,256,264,8,0,0,v3c_mas_estados
states_44_iter_25_1776396036342.lts,40,44,4,308,318,10,0,0,v3c_mas_estados
states_44_iter_25_1776621134753.lts,40,44,4,308,318,10,0,0,v3c_mas_estados
states_52_iter_23_1776396036126.lts,48,52,4,332,342,10,0,0,v3c_mas_estados
states_52_iter_23_1776621134535.lts,48,52,4,332,342,10,0,0,v3c_mas_estados
states_76_iter_28_1776621676066.lts,72,76,4,448,456,8,0,0,v3c_mas_estados
states_84_iter_30_1776621867975.lts,80,84,4,496,504,8,0,0,v3c_mas_estados
states_78_iter_12_1776419746668.lts,71,76,5,1323,1419,96,64,66,v3c_mas_estados
states_104_iter_38_1776621870152.lts,96,102,6,952,967,15,0,0,v3c_mas_estados
states_100_iter_12_1776420653436.lts,91,98,7,1697,1832,135,85,88,v3c_mas_estados
states_144_iter_14_1776649977616.lts,133,140,7,3009,3173,164,126,130,v3c_mas_estados
states_444_iter_14_1776396510007.lts,432,439,7,2012,2033,21,1140,580,v3c_mas_estados
states_104_iter_25_1776396053320.lts,96,104,8,640,656,16,0,0,v3c_mas_estados
states_104_iter_25_1776621151843.lts,96,104,8,640,656,16,0,0,v3c_mas_estados
states_120_iter_32_1776621676863.lts,112,120,8,856,876,20,0,0,v3c_mas_estados
states_12_iter_14_1776396024083.lts,4,12,8,42,100,58,0,0,v3c_mas_estados
states_12_iter_22_1776396026331.lts,4,12,8,76,190,114,0,0,v3c_mas_estados
states_12_iter_25_1776396028161.lts,4,12,8,61,151,90,0,0,v3c_mas_estados
states_12_iter_25_1776621126595.lts,4,12,8,61,151,90,0,0,v3c_mas_estados
states_12_iter_30_1776396031617.lts,4,12,8,164,416,252,0,0,v3c_mas_estados
states_12_iter_30_1776621130120.lts,4,12,8,164,416,252,0,0,v3c_mas_estados
states_12_iter_34_1776396037437.lts,4,12,8,162,430,268,0,0,v3c_mas_estados
states_12_iter_34_1776621135807.lts,4,12,8,162,430,268,0,0,v3c_mas_estados
states_12_iter_37_1776396057012.lts,4,12,8,125,342,217,0,0,v3c_mas_estados
states_12_iter_37_1776621155542.lts,4,12,8,125,342,217,0,0,v3c_mas_estados
states_12_iter_42_1776396164476.lts,4,12,8,392,1080,688,0,0,v3c_mas_estados
states_12_iter_42_1776621271152.lts,4,12,8,380,1072,692,0,0,v3c_mas_estados
states_12_iter_45_1776621684902.lts,4,12,8,231,641,410,0,0,v3c_mas_estados
states_12_iter_49_1776621873837.lts,4,12,8,209,573,364,0,0,v3c_mas_estados
states_152_iter_31_1776621868098.lts,144,152,8,928,944,16,0,0,v3c_mas_estados
states_24_iter_20_1776396026175.lts,16,24,8,232,252,20,0,0,v3c_mas_estados
states_24_iter_21_1776396035993.lts,16,24,8,101,145,44,0,0,v3c_mas_estados
states_24_iter_21_1776621134389.lts,16,24,8,101,145,44,0,0,v3c_mas_estados
states_24_iter_40_1776396163172.lts,16,24,8,1274,1294,20,0,0,v3c_mas_estados
states_24_iter_40_1776621270005.lts,16,24,8,1274,1294,20,0,0,v3c_mas_estados
states_40_iter_18_1776396025983.lts,32,40,8,280,300,20,0,0,v3c_mas_estados
states_40_iter_42_1776621683233.lts,32,40,8,1288,1308,20,0,0,v3c_mas_estados
states_40_iter_46_1776621872757.lts,32,40,8,1100,1120,20,0,0,v3c_mas_estados
states_56_iter_19_1776396027416.lts,48,56,8,352,368,16,0,0,v3c_mas_estados
states_56_iter_19_1776621125867.lts,48,56,8,352,368,16,0,0,v3c_mas_estados
states_72_iter_21_1776396029907.lts,64,72,8,448,464,16,0,0,v3c_mas_estados
states_72_iter_21_1776621128342.lts,64,72,8,448,464,16,0,0,v3c_mas_estados
states_88_iter_40_1776621870617.lts,80,88,8,952,972,20,0,0,v3c_mas_estados
states_133_iter_13_1776648176957.lts,122,131,9,2518,2710,192,116,120,v3c_mas_estados
states_30_iter_25_1776396152205.lts,20,29,9,127,181,54,0,0,v3c_mas_estados
states_30_iter_25_1776621259588.lts,20,29,9,127,181,54,0,0,v3c_mas_estados
states_36_iter_17_1776396025904.lts,24,33,9,176,242,66,0,0,v3c_mas_estados
states_112_iter_27_1776396036587.lts,96,106,10,944,969,25,0,0,v3c_mas_estados
states_112_iter_27_1776621135002.lts,96,106,10,944,969,25,0,0,v3c_mas_estados
states_41_iter_10_1776392398629.lts,31,41,10,168,203,35,84,90,v3c_mas_estados
states_41_iter_10_1776392602621.lts,31,41,10,168,203,35,84,90,v3c_mas_estados
states_41_iter_10_1776392665968.lts,31,41,10,168,203,35,84,90,v3c_mas_estados
states_41_iter_10_1776393271269.lts,31,41,10,168,203,35,84,90,v3c_mas_estados
states_41_iter_12_1776392399580.lts,31,41,10,168,203,35,84,90,v3c_mas_estados
states_41_iter_12_1776392603554.lts,31,41,10,168,203,35,84,90,v3c_mas_estados
states_41_iter_12_1776392666919.lts,31,41,10,168,203,35,84,90,v3c_mas_estados
states_41_iter_12_1776393272240.lts,31,41,10,168,203,35,84,90,v3c_mas_estados
states_176_iter_26_1776396053464.lts,160,171,11,1152,1174,22,0,0,v3c_mas_estados
states_176_iter_26_1776621151976.lts,160,171,11,1152,1174,22,0,0,v3c_mas_estados
states_948_iter_18_1776398413572.lts,932,943,11,4413,4420,7,1613,1609,v3c_mas_estados
states_18_iter_15_1776396024849.lts,6,18,12,43,112,69,0,0,v3c_mas_estados
states_18_iter_31_1776396037197.lts,6,18,12,91,244,153,0,0,v3c_mas_estados
states_18_iter_31_1776621135579.lts,6,18,12,91,244,153,0,0,v3c_mas_estados
states_18_iter_35_1776396056684.lts,6,18,12,125,332,207,0,0,v3c_mas_estados
states_18_iter_35_1776621155218.lts,6,18,12,125,332,207,0,0,v3c_mas_estados
states_36_iter_30_1776396037092.lts,12,26,14,162,413,251,0,0,v3c_mas_estados
states_36_iter_30_1776621135483.lts,12,26,14,162,413,251,0,0,v3c_mas_estados
states_112_iter_23_1776396030214.lts,96,112,16,832,872,40,0,0,v3c_mas_estados
states_112_iter_23_1776621128638.lts,96,112,16,832,872,40,0,0,v3c_mas_estados
states_208_iter_29_1776396152792.lts,192,208,16,1456,1496,40,0,0,v3c_mas_estados
states_208_iter_29_1776621260136.lts,192,208,16,1456,1496,40,0,0,v3c_mas_estados
states_208_iter_33_1776621677045.lts,192,208,16,1568,1608,40,0,0,v3c_mas_estados
states_2374_iter_16_1776399084259.lts,1040,1056,16,9952,10102,150,194,194,v3c_mas_estados
states_24_iter_21_1776396026246.lts,8,24,16,132,332,200,0,0,v3c_mas_estados
states_24_iter_24_1776396028074.lts,8,24,16,106,264,158,0,0,v3c_mas_estados
states_24_iter_24_1776621126512.lts,8,24,16,106,264,158,0,0,v3c_mas_estados
states_24_iter_29_1776396031483.lts,8,24,16,252,644,392,0,0,v3c_mas_estados
states_24_iter_29_1776621129964.lts,8,24,16,252,644,392,0,0,v3c_mas_estados
states_24_iter_41_1776396163479.lts,8,24,16,700,1884,1184,0,0,v3c_mas_estados
states_24_iter_41_1776621270312.lts,8,24,16,694,1900,1206,0,0,v3c_mas_estados
states_24_iter_44_1776621684246.lts,8,24,16,416,1109,693,0,0,v3c_mas_estados
states_24_iter_48_1776621873404.lts,8,24,16,369,978,609,0,0,v3c_mas_estados
states_80_iter_20_1776396027487.lts,64,80,16,576,608,32,0,0,v3c_mas_estados
states_80_iter_20_1776621125939.lts,64,80,16,576,608,32,0,0,v3c_mas_estados
states_108_iter_18_1776462359428.lts,90,107,17,365,402,37,141,81,v3c_mas_estados
states_108_iter_10_1776460530309.lts,90,108,18,365,402,37,141,81,v3c_mas_estados
states_108_iter_12_1776460537860.lts,90,108,18,365,402,37,141,81,v3c_mas_estados
states_85_iter_13_1776392401484.lts,65,85,20,301,359,58,139,134,v3c_mas_estados
states_85_iter_13_1776392668859.lts,65,85,20,301,359,58,139,134,v3c_mas_estados
states_85_iter_13_1776393274295.lts,65,85,20,301,359,58,139,134,v3c_mas_estados
states_85_iter_15_1776392675129.lts,65,85,20,301,359,58,139,134,v3c_mas_estados
states_85_iter_15_1776393280418.lts,65,85,20,301,359,58,139,134,v3c_mas_estados
states_85_iter_15_1776618346126.lts,65,85,20,301,359,58,139,134,v3c_mas_estados
states_85_iter_15_1776618379106.lts,65,85,20,301,359,58,139,134,v3c_mas_estados
states_85_iter_17_1776393327073.lts,65,85,20,301,359,58,139,134,v3c_mas_estados
states_85_iter_17_1776618428764.lts,65,85,20,301,359,58,139,134,v3c_mas_estados
states_85_iter_21_1776394224514.lts,65,85,20,301,359,58,139,134,v3c_mas_estados
states_85_iter_21_1776619326215.lts,65,85,20,301,359,58,139,134,v3c_mas_estados
states_170_iter_14_1776398373045.lts,146,168,22,463,463,0,181,180,v3c_mas_estados
states_36_iter_34_1776396056462.lts,12,36,24,215,560,345,0,0,v3c_mas_estados
states_36_iter_34_1776621154999.lts,12,36,24,215,560,345,0,0,v3c_mas_estados
states_99_iter_14_1776392400058.lts,75,99,24,567,703,136,289,316,v3c_mas_estados
states_99_iter_14_1776392667387.lts,75,99,24,567,703,136,289,316,v3c_mas_estados
states_99_iter_14_1776393272785.lts,75,99,24,567,703,136,289,316,v3c_mas_estados
states_64_iter_6_1776410675630.lts,30,57,27,183,244,61,83,97,v3c_mas_estados
states_96_iter_22_1776396030065.lts,64,91,27,488,685,197,0,0,v3c_mas_estados
states_96_iter_22_1776621128491.lts,64,91,27,488,685,197,0,0,v3c_mas_estados
states_48_iter_43_1776621683530.lts,16,44,28,680,1752,1072,0,0,v3c_mas_estados
states_160_iter_24_1776396030430.lts,128,159,31,1376,1454,78,0,0,v3c_mas_estados
states_160_iter_24_1776621128859.lts,128,159,31,1376,1454,78,0,0,v3c_mas_estados
states_288_iter_27_1776396053645.lts,256,287,31,2048,2110,62,0,0,v3c_mas_estados
states_288_iter_27_1776621152149.lts,256,287,31,2048,2110,62,0,0,v3c_mas_estados
states_352_iter_34_1776621677403.lts,320,351,31,2848,2926,78,0,0,v3c_mas_estados
states_352_iter_30_1776396153232.lts,320,352,32,2624,2704,80,0,0,v3c_mas_estados
states_352_iter_30_1776621260594.lts,320,352,32,2624,2704,80,0,0,v3c_mas_estados
states_48_iter_19_1776396026075.lts,16,48,32,152,396,244,0,0,v3c_mas_estados
states_48_iter_23_1776396027960.lts,16,48,32,184,480,296,0,0,v3c_mas_estados
states_48_iter_23_1776621126411.lts,16,48,32,184,480,296,0,0,v3c_mas_estados
states_48_iter_28_1776396031319.lts,16,48,32,410,1030,620,0,0,v3c_mas_estados
states_48_iter_28_1776621129787.lts,16,48,32,410,1030,620,0,0,v3c_mas_estados
states_48_iter_39_1776396162205.lts,16,48,32,606,1627,1021,0,0,v3c_mas_estados
states_48_iter_39_1776621269212.lts,16,48,32,606,1627,1021,0,0,v3c_mas_estados
states_48_iter_47_1776621872984.lts,16,48,32,590,1626,1036,0,0,v3c_mas_estados
states_96_iter_21_1776396027642.lts,64,96,32,624,880,256,0,0,v3c_mas_estados
states_96_iter_21_1776621126108.lts,64,96,32,624,880,256,0,0,v3c_mas_estados
states_96_iter_26_1776396030969.lts,64,96,32,1184,1264,80,0,0,v3c_mas_estados
states_96_iter_26_1776621129416.lts,64,96,32,1184,1264,80,0,0,v3c_mas_estados
states_240_iter_20_1776464162354.lts,204,238,34,896,979,83,344,208,v3c_mas_estados
states_240_iter_14_1776460545091.lts,204,239,35,896,980,84,344,208,v3c_mas_estados
states_111_iter_18_1776392676327.lts,75,111,36,567,761,194,289,336,v3c_mas_estados
states_111_iter_18_1776393281626.lts,75,111,36,567,761,194,289,336,v3c_mas_estados
states_111_iter_18_1776618347249.lts,75,111,36,567,761,194,289,336,v3c_mas_estados
states_111_iter_18_1776618380214.lts,75,111,36,567,761,194,289,336,v3c_mas_estados
states_72_iter_41_1776621682609.lts,24,62,38,614,1624,1010,0,0,v3c_mas_estados
states_220_iter_16_1776398375398.lts,181,220,39,733,805,72,265,291,v3c_mas_estados
states_115_iter_16_1776392402545.lts,75,115,40,567,777,210,289,344,v3c_mas_estados
states_115_iter_16_1776392669902.lts,75,115,40,567,777,210,289,344,v3c_mas_estados
states_115_iter_16_1776393275334.lts,75,115,40,567,777,210,289,344,v3c_mas_estados
states_187_iter_8_1776410685418.lts,120,161,41,1246,1477,231,579,694,v3c_mas_estados
states_144_iter_39_1776621870364.lts,48,94,46,512,1267,755,0,0,v3c_mas_estados
states_72_iter_24_1776396036243.lts,24,72,48,172,470,298,0,0,v3c_mas_estados
states_72_iter_24_1776621134652.lts,24,72,48,172,470,298,0,0,v3c_mas_estados
states_72_iter_29_1776396036963.lts,24,72,48,280,748,468,0,0,v3c_mas_estados
states_72_iter_29_1776621135361.lts,24,72,48,280,748,468,0,0,v3c_mas_estados
states_72_iter_33_1776396056226.lts,24,72,48,352,937,585,0,0,v3c_mas_estados
states_72_iter_33_1776621154767.lts,24,72,48,352,937,585,0,0,v3c_mas_estados
states_72_iter_45_1776621872398.lts,24,72,48,524,1432,908,0,0,v3c_mas_estados
states_114_iter_8_1776410804726.lts,58,107,49,573,854,281,159,177,v3c_mas_estados
states_388_iter_15_1776398375197.lts,236,285,49,916,973,57,301,306,v3c_mas_estados
states_113_iter_7_1776410685215.lts,44,95,51,339,566,227,120,152,v3c_mas_estados
states_221_iter_19_1776393328032.lts,169,220,51,1092,1338,246,520,532,v3c_mas_estados
states_221_iter_19_1776618429758.lts,169,220,51,1092,1338,246,520,532,v3c_mas_estados
states_221_iter_23_1776394225708.lts,169,220,51,1092,1336,244,520,530,v3c_mas_estados
states_221_iter_23_1776619327315.lts,169,220,51,1092,1336,244,520,530,v3c_mas_estados
states_221_iter_15_1776392402330.lts,169,221,52,1092,1338,246,520,532,v3c_mas_estados
states_221_iter_15_1776392669695.lts,169,221,52,1092,1338,246,520,532,v3c_mas_estados
states_221_iter_15_1776393275109.lts,169,221,52,1092,1338,246,520,532,v3c_mas_estados
states_1080_iter_12_1776460531202.lts,999,1053,54,5871,6158,287,2895,2317,v3c_mas_estados
states_139_iter_9_1776412229456.lts,72,127,55,852,1268,416,197,212,v3c_mas_estados
states_239_iter_18_1776392670871.lts,181,238,57,1757,2210,453,905,1002,v3c_mas_estados
states_239_iter_18_1776393276260.lts,181,238,57,1757,2210,453,905,1002,v3c_mas_estados
states_96_iter_36_1776621869846.lts,32,90,58,268,716,448,0,0,v3c_mas_estados
states_448_iter_37_1776621679817.lts,384,444,60,4928,5080,152,0,0,v3c_mas_estados
states_192_iter_30_1776621676430.lts,128,192,64,904,1304,400,0,0,v3c_mas_estados
states_448_iter_29_1776396054665.lts,384,448,64,3840,4000,160,0,0,v3c_mas_estados
states_448_iter_29_1776621153123.lts,384,448,64,3840,4000,160,0,0,v3c_mas_estados
states_576_iter_31_1776396153756.lts,512,576,64,4672,4832,160,0,0,v3c_mas_estados
states_576_iter_31_1776621261199.lts,512,576,64,4672,4832,160,0,0,v3c_mas_estados
states_576_iter_35_1776621678060.lts,512,576,64,5120,5280,160,0,0,v3c_mas_estados
states_96_iter_22_1776396027822.lts,32,96,64,336,888,552,0,0,v3c_mas_estados
states_96_iter_22_1776621126272.lts,32,96,64,336,888,552,0,0,v3c_mas_estados
states_96_iter_27_1776396031130.lts,32,96,64,656,1712,1056,0,0,v3c_mas_estados
states_96_iter_27_1776621129583.lts,32,96,64,656,1712,1056,0,0,v3c_mas_estados
states_96_iter_38_1776396161422.lts,32,96,64,936,2463,1527,0,0,v3c_mas_estados
states_96_iter_38_1776621268550.lts,32,96,64,936,2463,1527,0,0,v3c_mas_estados
states_535_iter_17_1776398379636.lts,466,534,68,1795,1873,78,361,360,v3c_mas_estados
states_286_iter_13_1776398372777.lts,214,284,70,679,811,132,205,204,v3c_mas_estados
states_432_iter_23_1776465962968.lts,360,430,70,2270,2580,310,834,648,v3c_mas_estados
states_164_iter_10_1776414029933.lts,86,157,71,1187,1864,677,235,257,v3c_mas_estados
states_654_iter_15_1776398378408.lts,579,653,74,2143,2263,120,373,372,v3c_mas_estados
states_235_iter_17_1776392676059.lts,155,235,80,1057,1429,372,513,564,v3c_mas_estados
states_235_iter_17_1776393281369.lts,155,235,80,1057,1429,372,513,564,v3c_mas_estados
states_235_iter_17_1776618347004.lts,155,235,80,1057,1429,372,513,564,v3c_mas_estados
states_235_iter_17_1776618379961.lts,155,235,80,1057,1429,372,513,564,v3c_mas_estados
states_189_iter_11_1776415830526.lts,100,182,82,1578,2519,941,273,297,v3c_mas_estados
states_169_iter_6_1776410676660.lts,56,139,83,354,598,244,172,233,v3c_mas_estados
states_269_iter_20_1776392677459.lts,181,267,86,1757,2417,660,905,1080,v3c_mas_estados
states_269_iter_20_1776393282755.lts,181,267,86,1757,2417,660,905,1080,v3c_mas_estados
states_269_iter_20_1776618381304.lts,181,267,86,1757,2417,660,905,1080,v3c_mas_estados
states_144_iter_44_1776621871995.lts,48,136,88,928,2512,1584,0,0,v3c_mas_estados
states_214_iter_12_1776417631164.lts,114,207,93,2025,3274,1249,311,337,v3c_mas_estados
states_144_iter_28_1776396036791.lts,48,144,96,504,1352,848,0,0,v3c_mas_estados
states_144_iter_28_1776621135204.lts,48,144,96,504,1352,848,0,0,v3c_mas_estados
states_144_iter_32_1776396056002.lts,48,144,96,602,1592,990,0,0,v3c_mas_estados
states_144_iter_32_1776621154510.lts,48,144,96,602,1592,990,0,0,v3c_mas_estados
states_144_iter_40_1776621682011.lts,48,144,96,968,2600,1632,0,0,v3c_mas_estados
states_192_iter_35_1776621869664.lts,64,162,98,496,1305,809,0,0,v3c_mas_estados
states_425_iter_20_1776393511448.lts,325,425,100,1960,2390,430,890,840,v3c_mas_estados
states_425_iter_20_1776618693691.lts,325,425,100,1960,2390,430,890,840,v3c_mas_estados
states_239_iter_13_1776419431801.lts,128,232,104,2528,4129,1601,349,377,v3c_mas_estados
states_218_iter_7_1776410687311.lts,83,192,109,677,1172,495,254,324,v3c_mas_estados
states_257_iter_9_1776410805042.lts,116,236,120,1664,2622,958,722,1020,v3c_mas_estados
states_640_iter_34_1776396157779.lts,512,637,125,7424,7738,314,0,0,v3c_mas_estados
states_640_iter_34_1776621265169.lts,512,637,125,7424,7738,314,0,0,v3c_mas_estados
states_384_iter_28_1776396054149.lts,256,382,126,2208,3164,956,0,0,v3c_mas_estados
states_384_iter_28_1776621152640.lts,256,382,126,2208,3164,956,0,0,v3c_mas_estados
states_384_iter_33_1776621868868.lts,256,382,126,1872,2699,827,0,0,v3c_mas_estados
states_896_iter_32_1776396154606.lts,768,894,126,8192,8508,316,0,0,v3c_mas_estados
states_896_iter_32_1776621262087.lts,768,894,126,8192,8508,316,0,0,v3c_mas_estados
states_192_iter_42_1776621871275.lts,64,191,127,936,2558,1622,0,0,v3c_mas_estados
states_267_iter_8_1776410925822.lts,110,237,127,1108,1903,795,336,404,v3c_mas_estados
states_192_iter_25_1776396030716.lts,64,192,128,736,1968,1232,0,0,v3c_mas_estados
states_192_iter_25_1776621129154.lts,64,192,128,736,1968,1232,0,0,v3c_mas_estados
states_192_iter_31_1776621676678.lts,64,192,128,464,1284,820,0,0,v3c_mas_estados
states_192_iter_37_1776396160574.lts,64,192,128,1372,3640,2268,0,0,v3c_mas_estados
states_192_iter_37_1776621267782.lts,64,192,128,1372,3640,2268,0,0,v3c_mas_estados
states_577_iter_22_1776392682578.lts,437,574,137,5180,6573,1393,2686,2996,v3c_mas_estados
states_577_iter_22_1776393287582.lts,437,574,137,5180,6573,1393,2686,2996,v3c_mas_estados
states_577_iter_22_1776618386610.lts,437,574,137,5180,6573,1393,2686,2996,v3c_mas_estados
states_447_iter_18_1776398380212.lts,303,446,143,1309,1653,344,319,353,v3c_mas_estados
states_1200_iter_13_1776460540196.lts,1020,1164,144,6936,7608,672,3080,2640,v3c_mas_estados
states_1200_iter_19_1776462361675.lts,1020,1164,144,6936,7608,672,3080,2640,v3c_mas_estados
states_327_iter_10_1776412229843.lts,150,302,152,2458,3976,1518,946,1321,v3c_mas_estados
states_519_iter_10_1776410806083.lts,257,443,186,15326,22181,6855,7357,9739,v3c_mas_estados
states_288_iter_31_1776396055702.lts,96,288,192,1072,2896,1824,0,0,v3c_mas_estados
states_288_iter_31_1776621154193.lts,96,288,192,1072,2896,1824,0,0,v3c_mas_estados
states_288_iter_39_1776621681425.lts,96,288,192,1520,4144,2624,0,0,v3c_mas_estados
states_397_iter_11_1776414030485.lts,184,377,193,3668,6092,2424,1162,1638,v3c_mas_estados
states_537_iter_13_1776417631855.lts,252,454,202,5634,8854,3220,1596,2104,v3c_mas_estados
states_467_iter_13_1776419747263.lts,245,452,207,4959,8138,3179,748,788,v3c_mas_estados
states_611_iter_21_1776393331695.lts,403,611,208,3486,4834,1348,1712,1974,v3c_mas_estados
states_611_iter_21_1776618433691.lts,403,611,208,3486,4834,1348,1712,1974,v3c_mas_estados
states_467_iter_12_1776415831145.lts,218,436,218,4436,7499,3063,1376,1925,v3c_mas_estados
states_669_iter_24_1776393356058.lts,437,669,232,5180,7398,2218,2686,3340,v3c_mas_estados
states_669_iter_24_1776618457429.lts,437,669,232,5180,7398,2218,2686,3340,v3c_mas_estados
states_384_iter_36_1776396159873.lts,128,366,238,2238,5916,3678,0,0,v3c_mas_estados
states_384_iter_36_1776621267160.lts,128,366,238,2238,5916,3678,0,0,v3c_mas_estados
states_1025_iter_22_1776393521341.lts,775,1025,250,6370,7945,1575,3030,3070,v3c_mas_estados
states_1025_iter_22_1776618703253.lts,775,1025,250,6370,7945,1575,3030,3070,v3c_mas_estados
states_384_iter_34_1776621869410.lts,128,379,251,960,2654,1694,0,0,v3c_mas_estados
states_607_iter_14_1776419432647.lts,286,548,262,6969,11754,4785,1817,2527,v3c_mas_estados
states_1375_iter_17_1776398411236.lts,1103,1373,270,5113,5880,767,1793,2096,v3c_mas_estados
states_689_iter_11_1776412231182.lts,348,634,286,21732,31915,10183,10129,13867,v3c_mas_estados
states_1287_iter_23_1776393351862.lts,975,1287,312,10521,13297,2776,5257,5692,v3c_mas_estados
states_1287_iter_23_1776618453461.lts,975,1287,312,10521,13297,2776,5257,5692,v3c_mas_estados
states_1287_iter_27_1776394333909.lts,975,1287,312,10521,13297,2776,5257,5692,v3c_mas_estados
states_1287_iter_27_1776619428004.lts,975,1287,312,10521,13297,2776,5257,5692,v3c_mas_estados
states_1393_iter_26_1776393386650.lts,1055,1393,338,14770,18861,4091,7694,8626,v3c_mas_estados
states_1393_iter_26_1776618491300.lts,1055,1393,338,14770,18861,4091,7694,8626,v3c_mas_estados
states_771_iter_13_1776420654426.lts,398,736,338,8175,13411,5236,1291,1337,v3c_mas_estados
states_1988_iter_20_1776398543912.lts,1620,1987,367,7569,8639,1070,2609,2970,v3c_mas_estados
states_576_iter_30_1776396055249.lts,192,573,381,2016,5498,3482,0,0,v3c_mas_estados
states_576_iter_30_1776621153705.lts,192,573,381,2016,5498,3482,0,0,v3c_mas_estados
states_1635_iter_14_1776419749165.lts,928,1312,384,22444,29412,6968,5908,6772,v3c_mas_estados
states_576_iter_38_1776621680633.lts,192,576,384,2624,7136,4512,0,0,v3c_mas_estados
states_859_iter_12_1776414032360.lts,439,833,394,32503,49145,16642,14889,20902,v3c_mas_estados
states_1199_iter_14_1776417634261.lts,621,1038,417,46495,65205,18710,24070,29982,v3c_mas_estados
states_1355_iter_25_1776393594007.lts,905,1355,450,10052,14007,3955,5068,5992,v3c_mas_estados
states_1355_iter_25_1776618783276.lts,905,1355,450,10052,14007,3955,5068,5992,v3c_mas_estados
states_1029_iter_13_1776415832957.lts,530,995,465,33632,51447,17815,13771,19645,v3c_mas_estados
states_768_iter_36_1776621679075.lts,256,752,496,2688,7328,4640,0,0,v3c_mas_estados
states_768_iter_35_1776396158972.lts,256,768,512,3968,10752,6784,0,0,v3c_mas_estados
states_768_iter_35_1776621266318.lts,256,768,512,3968,10752,6784,0,0,v3c_mas_estados
states_1272_iter_14_1776648178128.lts,652,1219,567,14823,24646,9823,2196,2264,v3c_mas_estados
states_1393_iter_15_1776649978842.lts,717,1346,629,17730,29915,12185,2414,2493,v3c_mas_estados
states_1369_iter_15_1776419435448.lts,712,1342,630,56190,84563,28373,27840,38319,v3c_mas_estados
states_1152_iter_33_1776396156640.lts,384,1149,765,4288,11770,7482,0,0,v3c_mas_estados
states_1152_iter_33_1776621264083.lts,384,1149,765,4288,11770,7482,0,0,v3c_mas_estados
states_1721_iter_11_1776424260221.lts,1347,266,-1081,12737,2989,-9748,0,0,v3c_menos_estados
states_1605_iter_10_1776424646785.lts,1569,994,-575,25301,16236,-9065,0,0,v3c_menos_estados
states_1721_iter_21_1776433654207.lts,1347,784,-563,37652,22441,-15211,0,0,v3c_menos_estados
states_559_iter_10_1776424256857.lts,555,355,-200,6449,4401,-2048,0,0,v3c_menos_estados
states_641_iter_13_1776653138098.lts,637,493,-144,39654,30954,-8700,0,0,v3c_menos_estados
states_559_iter_16_1776430047648.lts,555,423,-132,13202,10247,-2955,0,0,v3c_menos_estados
states_455_iter_13_1776651779763.lts,451,321,-130,23590,17002,-6588,0,0,v3c_menos_estados
states_1379_iter_23_1776435453263.lts,989,873,-116,31229,27689,-3540,0,0,v3c_menos_estados
states_1639_iter_8_1776422456994.lts,1569,1455,-114,15988,15073,-915,0,0,v3c_menos_estados
states_716_iter_16_1776396605008.lts,704,603,-101,3324,3102,-222,1908,843,v3c_menos_estados
states_144_iter_41_1776621870854.lts,128,34,-94,1760,837,-923,0,0,v3c_menos_estados
states_1896_iter_19_1776622343004.lts,1888,1798,-90,10720,10594,-126,6912,3393,v3c_menos_estados
states_136_iter_29_1776621676165.lts,128,44,-84,832,392,-440,0,0,v3c_menos_estados
states_379_iter_14_1776428247160.lts,281,200,-81,5352,3907,-1445,0,0,v3c_menos_estados
states_112_iter_43_1776621871633.lts,96,30,-66,1728,976,-752,0,0,v3c_menos_estados
states_379_iter_22_1776435450003.lts,281,218,-63,9852,7851,-2001,0,0,v3c_menos_estados
states_398_iter_8_1776422453882.lts,260,208,-52,1002,928,-74,1,0,v3c_menos_estados
states_559_iter_20_1776433649102.lts,555,510,-45,17704,16383,-1321,0,0,v3c_menos_estados
states_1395_iter_15_1776428248260.lts,1347,1309,-38,22703,22120,-583,0,0,v3c_menos_estados
states_1256_iter_17_1776396606899.lts,1248,1212,-36,7008,6959,-49,4480,2215,v3c_menos_estados
states_1248_iter_16_1776396512356.lts,1232,1204,-28,7840,7826,-14,5280,2633,v3c_menos_estados
states_559_iter_12_1776426446515.lts,555,529,-26,8700,8351,-349,0,0,v3c_menos_estados
states_559_iter_18_1776431848514.lts,555,530,-25,15453,14793,-660,0,0,v3c_menos_estados
states_179_iter_9_1776424645683.lts,175,151,-24,3536,3095,-441,0,0,v3c_menos_estados
states_89_iter_13_1776428246384.lts,89,65,-24,2030,1517,-513,0,0,v3c_menos_estados
states_46_iter_8_1776654871568.lts,46,24,-22,1423,1409,-14,0,0,v3c_menos_estados
states_69_iter_12_1776396507684.lts,69,47,-22,328,238,-90,88,37,v3c_menos_estados
states_46_iter_12_1776654872190.lts,46,25,-21,1423,1411,-12,0,0,v3c_menos_estados
states_89_iter_15_1776430046960.lts,89,68,-21,2407,1871,-536,0,0,v3c_menos_estados
states_690_iter_9_1776410926409.lts,501,483,-18,6386,5994,-392,2659,2466,v3c_menos_estados
states_1052_iter_18_1776622338138.lts,1040,1024,-16,4956,4938,-18,2868,1422,v3c_menos_estados
states_89_iter_17_1776431847859.lts,89,73,-16,2784,2308,-476,0,0,v3c_menos_estados
states_132_iter_14_1776440222065.lts,132,117,-15,350,332,-18,184,60,v3c_menos_estados
states_297_iter_17_1776622336261.lts,297,282,-15,1656,1644,-12,576,282,v3c_menos_estados
states_744_iter_15_1776396510846.lts,736,721,-15,4064,4054,-10,2560,1275,v3c_menos_estados
states_40_iter_4_1776653135984.lts,40,26,-14,1006,1004,-2,0,0,v3c_menos_estados
states_46_iter_10_1776654871875.lts,46,32,-14,1423,1415,-8,0,0,v3c_menos_estados
states_46_iter_1_1776654869889.lts,46,32,-14,1340,1340,0,0,0,v3c_menos_estados
states_46_iter_2_1776654870322.lts,46,32,-14,1340,1340,0,0,0,v3c_menos_estados
states_1704_iter_10_1776639284663.lts,1662,1649,-13,6577,6561,-16,1704,1704,v3c_menos_estados
states_1704_iter_11_1776642776231.lts,1662,1650,-12,6577,6566,-11,1704,1704,v3c_menos_estados
states_40_iter_1_1776653135212.lts,40,28,-12,1006,1006,0,0,0,v3c_menos_estados
states_40_iter_3_1776653135803.lts,40,28,-12,1006,1006,0,0,0,v3c_menos_estados
states_40_iter_5_1776653136156.lts,40,28,-12,1006,1006,0,0,0,v3c_menos_estados
states_89_iter_21_1776435449047.lts,89,77,-12,3538,3070,-468,0,0,v3c_menos_estados
states_34_iter_1_1776651777638.lts,34,24,-10,720,720,0,0,0,v3c_menos_estados
states_34_iter_4_1776651778291.lts,34,24,-10,720,720,0,0,0,v3c_menos_estados
states_34_iter_5_1776651778434.lts,34,24,-10,720,720,0,0,0,v3c_menos_estados
states_1704_iter_6_1776410680162.lts,1662,1653,-9,6577,6573,-4,1704,1704,v3c_menos_estados
states_17_iter_8_1776392398434.lts,13,4,-9,42,22,-20,20,6,v3c_menos_estados
states_17_iter_8_1776392602429.lts,13,4,-9,42,22,-20,20,6,v3c_menos_estados
states_17_iter_8_1776392665777.lts,13,4,-9,42,22,-20,20,6,v3c_menos_estados
states_36_iter_6_1776410684976.lts,34,25,-9,80,65,-15,12,10,v3c_menos_estados
states_46_iter_6_1776654871257.lts,46,37,-9,1340,1340,0,0,0,v3c_menos_estados
states_64_iter_7_1776410925335.lts,62,53,-9,159,153,-6,32,32,v3c_menos_estados
states_121_iter_9_1776447880657.lts,121,113,-8,405,397,-8,132,132,v3c_menos_estados
states_121_iter_9_1776447919057.lts,121,113,-8,471,463,-8,198,198,v3c_menos_estados
states_1704_iter_12_1776644576555.lts,1662,1654,-8,6577,6572,-5,1704,1704,v3c_menos_estados
states_1704_iter_9_1776636423601.lts,1662,1654,-8,6577,6569,-8,1704,1704,v3c_menos_estados
states_22_iter_17_1776396027339.lts,20,12,-8,120,68,-52,0,0,v3c_menos_estados
states_22_iter_17_1776621125790.lts,20,12,-8,120,68,-52,0,0,v3c_menos_estados
states_501_iter_8_1776410687757.lts,354,346,-8,3793,3533,-260,1854,1697,v3c_menos_estados
states_89_iter_11_1776426445962.lts,89,81,-8,1653,1515,-138,0,0,v3c_menos_estados
states_980_iter_7_1776410691252.lts,946,938,-8,3630,3619,-11,882,882,v3c_menos_estados
states_1331_iter_12_1776447927595.lts,1331,1324,-7,6269,6259,-10,2178,2178,v3c_menos_estados
states_1704_iter_7_1776410710265.lts,1662,1655,-7,6577,6570,-7,1704,1704,v3c_menos_estados
states_37_iter_15_1776622104135.lts,37,30,-7,160,158,-2,24,11,v3c_menos_estados
states_40_iter_6_1776653136318.lts,40,33,-7,1006,1006,0,0,0,v3c_menos_estados
states_89_iter_19_1776433648404.lts,89,82,-7,3161,2903,-258,0,0,v3c_menos_estados
states_14_iter_7_1776637483895.lts,14,8,-6,26,20,-6,5,5,v3c_menos_estados
states_14_iter_7_1776640975400.lts,14,8,-6,26,20,-6,5,5,v3c_menos_estados
states_22_iter_8_1776424645455.lts,22,16,-6,229,229,0,0,0,v3c_menos_estados
states_72_iter_26_1776396036443.lts,64,58,-6,544,529,-15,0,0,v3c_menos_estados
states_72_iter_26_1776621134857.lts,64,58,-6,544,529,-15,0,0,v3c_menos_estados
states_243_iter_15_1776396604103.lts,243,238,-5,1332,1330,-2,468,233,v3c_menos_estados
states_34_iter_6_1776651778572.lts,34,29,-5,720,720,0,0,0,v3c_menos_estados
states_468_iter_13_1776398374477.lts,468,463,-5,1549,1548,-1,289,288,v3c_menos_estados
states_100_iter_5_1776410677395.lts,98,94,-4,264,260,-4,60,60,v3c_menos_estados
states_10_iter_11_1776420653302.lts,10,6,-4,18,14,-4,3,3,v3c_menos_estados
states_10_iter_2_1776438128184.lts,8,4,-4,10,9,-1,0,0,v3c_menos_estados
states_10_iter_2_1776447703281.lts,8,4,-4,10,9,-1,0,0,v3c_menos_estados
states_13_iter_13_1776622021797.lts,13,9,-4,24,24,0,0,0,v3c_menos_estados
states_13_iter_4_1776447794855.lts,10,6,-4,13,11,-2,0,0,v3c_menos_estados
states_144_iter_11_1776644576064.lts,142,138,-4,395,393,-2,96,96,v3c_menos_estados
states_144_iter_5_1776410679654.lts,142,138,-4,395,391,-4,96,96,v3c_menos_estados
states_260_iter_7_1776422455903.lts,246,242,-4,1659,1659,0,0,0,v3c_menos_estados
states_46_iter_9_1776654871718.lts,46,42,-4,1423,1415,-8,0,0,v3c_menos_estados
states_72_iter_12_1776437252195.lts,72,68,-4,192,192,0,96,36,v3c_menos_estados
states_100_iter_6_1776410690912.lts,98,95,-3,264,262,-2,60,60,v3c_menos_estados
states_12_iter_7_1776636423036.lts,12,9,-3,22,19,-3,4,4,v3c_menos_estados
states_12_iter_7_1776639284098.lts,12,9,-3,22,19,-3,4,4,v3c_menos_estados
states_12_iter_7_1776642775637.lts,12,9,-3,22,19,-3,4,4,v3c_menos_estados
states_12_iter_7_1776644575908.lts,12,9,-3,22,19,-3,4,4,v3c_menos_estados
states_12_iter_7_1776646376206.lts,12,9,-3,22,19,-3,4,4,v3c_menos_estados
states_12_iter_7_1776648176609.lts,12,9,-3,22,19,-3,4,4,v3c_menos_estados
states_12_iter_7_1776649977200.lts,12,9,-3,22,19,-3,4,4,v3c_menos_estados
states_13_iter_1_1776447794635.lts,10,7,-3,13,13,0,0,0,v3c_menos_estados
states_13_iter_3_1776447794802.lts,10,7,-3,13,13,0,0,0,v3c_menos_estados
states_375_iter_17_1776392670288.lts,375,372,-3,3360,3357,-3,1670,1368,v3c_menos_estados
states_375_iter_17_1776393275706.lts,375,372,-3,3360,3357,-3,1670,1368,v3c_menos_estados
states_704_iter_13_1776398376804.lts,704,701,-3,2545,2543,-2,385,384,v3c_menos_estados
states_8_iter_5_1776410686806.lts,8,5,-3,14,11,-3,2,2,v3c_menos_estados
states_8_iter_5_1776410925269.lts,8,5,-3,14,11,-3,2,2,v3c_menos_estados
states_8_iter_5_1776419746374.lts,8,5,-3,14,11,-3,2,2,v3c_menos_estados
states_1089_iter_10_1776447881250.lts,1089,1087,-2,5297,5297,0,1914,1914,v3c_menos_estados
states_1089_iter_10_1776447907566.lts,1089,1087,-2,5616,5616,0,2233,2233,v3c_menos_estados
states_12_iter_13_1776649977422.lts,12,10,-2,22,20,-2,4,4,v3c_menos_estados
states_1331_iter_24_1776458731049.lts,1331,1329,-2,6610,6603,-7,2178,2174,v3c_menos_estados
states_16_iter_10_1776428246162.lts,16,14,-2,173,173,0,0,0,v3c_menos_estados
states_16_iter_11_1776430046683.lts,16,14,-2,198,198,0,0,0,v3c_menos_estados
states_16_iter_12_1776431847462.lts,16,14,-2,223,223,0,0,0,v3c_menos_estados
states_16_iter_13_1776433647938.lts,16,14,-2,248,248,0,0,0,v3c_menos_estados
states_16_iter_14_1776435448446.lts,16,14,-2,273,273,0,0,0,v3c_menos_estados
states_36_iter_9_1776460530235.lts,36,34,-2,119,118,-1,33,9,v3c_menos_estados
states_557_iter_16_1776398379009.lts,557,555,-2,2026,2026,0,367,366,v3c_menos_estados
states_60_iter_37_1776621870005.lts,56,54,-2,512,507,-5,0,0,v3c_menos_estados
states_64_iter_5_1776410676248.lts,62,60,-2,159,157,-2,32,32,v3c_menos_estados
states_6_iter_2_1776410675441.lts,6,4,-2,10,8,-2,1,1,v3c_menos_estados
states_6_iter_2_1776410684856.lts,6,4,-2,10,8,-2,1,1,v3c_menos_estados
states_6_iter_2_1776410804441.lts,6,4,-2,10,8,-2,1,1,v3c_menos_estados
states_6_iter_2_1776412229096.lts,6,4,-2,10,8,-2,1,1,v3c_menos_estados
states_6_iter_2_1776414029515.lts,6,4,-2,10,8,-2,1,1,v3c_menos_estados
states_6_iter_2_1776415830012.lts,6,4,-2,10,8,-2,1,1,v3c_menos_estados
states_6_iter_2_1776417630570.lts,6,4,-2,10,8,-2,1,1,v3c_menos_estados
states_6_iter_2_1776419431129.lts,6,4,-2,10,8,-2,1,1,v3c_menos_estados
states_7_iter_4_1776440222847.lts,5,3,-2,6,6,0,0,0,v3c_menos_estados
states_7_iter_4_1776447605171.lts,5,3,-2,6,6,0,0,0,v3c_menos_estados
states_80_iter_12_1776442823496.lts,76,74,-2,826,810,-16,76,38,v3c_menos_estados
states_89_iter_9_1776424256376.lts,89,87,-2,1276,1252,-24,0,0,v3c_menos_estados
states_980_iter_6_1776410677692.lts,946,944,-2,3630,3629,-1,882,882,v3c_menos_estados
states_98_iter_12_1776438126808.lts,98,96,-2,309,309,0,142,49,v3c_menos_estados
states_9_iter_16_1776462359310.lts,9,7,-2,17,16,-1,6,0,v3c_menos_estados
states_9_iter_19_1776396035919.lts,9,7,-2,50,46,-4,0,0,v3c_menos_estados
states_9_iter_19_1776621134313.lts,9,7,-2,50,46,-4,0,0,v3c_menos_estados
states_1020_iter_21_1776464162861.lts,1020,1019,-1,6928,6927,-1,2536,1856,v3c_menos_estados
states_1089_iter_10_1776447914311.lts,1089,1088,-1,5935,5934,-1,2552,2552,v3c_menos_estados
states_1089_iter_10_1776447919664.lts,1089,1088,-1,6254,6253,-1,2871,2871,v3c_menos_estados
states_10_iter_10_1776420653270.lts,10,9,-1,18,17,-1,3,3,v3c_menos_estados
states_10_iter_1_1776438128078.lts,8,7,-1,10,10,0,0,0,v3c_menos_estados
states_10_iter_1_1776447703168.lts,8,7,-1,10,10,0,0,0,v3c_menos_estados
states_10_iter_4_1776410677344.lts,10,9,-1,18,17,-1,3,3,v3c_menos_estados
states_10_iter_4_1776410690834.lts,10,9,-1,18,17,-1,3,3,v3c_menos_estados
states_10_iter_4_1776411274621.lts,10,9,-1,18,17,-1,3,3,v3c_menos_estados
states_10_iter_4_1776420653070.lts,10,9,-1,18,17,-1,3,3,v3c_menos_estados
states_10_iter_6_1776411274683.lts,10,9,-1,18,17,-1,3,3,v3c_menos_estados
states_10_iter_6_1776420653141.lts,10,9,-1,18,17,-1,3,3,v3c_menos_estados
states_10_iter_7_1776420653175.lts,10,9,-1,18,17,-1,3,3,v3c_menos_estados
states_11_iter_11_1776396571181.lts,11,10,-1,20,20,0,0,0,v3c_menos_estados
states_121_iter_17_1776453328569.lts,121,120,-1,436,433,-3,132,130,v3c_menos_estados
states_121_iter_23_1776458730526.lts,121,120,-1,405,404,-1,132,132,v3c_menos_estados
states_12_iter_10_1776460539318.lts,12,11,-1,24,24,0,8,0,v3c_menos_estados
states_12_iter_10_1776644576009.lts,12,11,-1,22,21,-1,4,4,v3c_menos_estados
states_12_iter_10_1776646376304.lts,12,11,-1,22,21,-1,4,4,v3c_menos_estados
states_12_iter_10_1776648176712.lts,12,11,-1,22,21,-1,4,4,v3c_menos_estados
states_12_iter_10_1776649977304.lts,12,11,-1,22,21,-1,4,4,v3c_menos_estados
states_12_iter_4_1776410679595.lts,12,11,-1,22,21,-1,4,4,v3c_menos_estados
states_12_iter_4_1776410709663.lts,12,11,-1,22,21,-1,4,4,v3c_menos_estados
states_12_iter_4_1776411565923.lts,12,11,-1,22,21,-1,4,4,v3c_menos_estados
states_12_iter_4_1776636422942.lts,12,11,-1,22,21,-1,4,4,v3c_menos_estados
states_12_iter_4_1776639284003.lts,12,11,-1,22,21,-1,4,4,v3c_menos_estados
states_12_iter_4_1776642775531.lts,12,11,-1,22,21,-1,4,4,v3c_menos_estados
states_12_iter_4_1776644575810.lts,12,11,-1,22,21,-1,4,4,v3c_menos_estados
states_12_iter_4_1776646376107.lts,12,11,-1,22,21,-1,4,4,v3c_menos_estados
states_12_iter_4_1776648176507.lts,12,11,-1,22,21,-1,4,4,v3c_menos_estados
states_12_iter_4_1776649977092.lts,12,11,-1,22,21,-1,4,4,v3c_menos_estados
states_1331_iter_22_1776456930435.lts,1331,1330,-1,6610,6610,0,2178,2178,v3c_menos_estados
states_13_iter_14_1776622054478.lts,13,12,-1,48,48,0,0,0,v3c_menos_estados
states_142_iter_11_1776398372310.lts,142,141,-1,674,674,0,44,44,v3c_menos_estados
states_144_iter_10_1776642775758.lts,142,141,-1,395,395,0,96,96,v3c_menos_estados
states_144_iter_12_1776646376393.lts,142,141,-1,395,394,-1,96,96,v3c_menos_estados
states_144_iter_7_1776411566051.lts,142,141,-1,395,394,-1,96,96,v3c_menos_estados
states_144_iter_8_1776636423100.lts,142,141,-1,395,394,-1,96,96,v3c_menos_estados
states_144_iter_9_1776639284184.lts,142,141,-1,395,394,-1,96,96,v3c_menos_estados
states_14_iter_3_1776637483760.lts,14,13,-1,26,25,-1,5,5,v3c_menos_estados
states_14_iter_3_1776640975258.lts,14,13,-1,26,25,-1,5,5,v3c_menos_estados
states_14_iter_6_1776637483862.lts,14,13,-1,26,25,-1,5,5,v3c_menos_estados
states_14_iter_6_1776640975368.lts,14,13,-1,26,25,-1,5,5,v3c_menos_estados
states_16_iter_18_1776433648226.lts,16,15,-1,248,248,0,0,0,v3c_menos_estados
states_16_iter_19_1776435448777.lts,16,15,-1,273,273,0,0,0,v3c_menos_estados
states_16_iter_2_1776424256027.lts,16,15,-1,108,108,0,0,0,v3c_menos_estados
states_16_iter_3_1776424256077.lts,16,15,-1,108,108,0,0,0,v3c_menos_estados
states_16_iter_4_1776424256127.lts,16,15,-1,108,108,0,0,0,v3c_menos_estados
states_16_iter_7_1776424256229.lts,16,15,-1,123,121,-2,0,0,v3c_menos_estados
states_1704_iter_13_1776646376863.lts,1662,1661,-1,6577,6576,-1,1704,1704,v3c_menos_estados
states_1704_iter_8_1776411566526.lts,1662,1661,-1,6577,6576,-1,1704,1704,v3c_menos_estados
states_228_iter_12_1776396500287.lts,224,223,-1,1020,1028,8,564,286,v3c_menos_estados
states_22_iter_6_1776422455845.lts,22,21,-1,180,180,0,0,0,v3c_menos_estados
states_24_iter_10_1776437248378.lts,24,23,-1,108,108,0,28,12,v3c_menos_estados
states_25_iter_13_1776392674773.lts,25,24,-1,70,70,0,30,20,v3c_menos_estados
states_25_iter_13_1776393280059.lts,25,24,-1,70,70,0,30,20,v3c_menos_estados
states_25_iter_13_1776618345781.lts,25,24,-1,70,70,0,30,20,v3c_menos_estados
states_25_iter_13_1776618378729.lts,25,24,-1,70,70,0,30,20,v3c_menos_estados
states_25_iter_15_1776393326643.lts,25,24,-1,70,70,0,30,20,v3c_menos_estados
states_25_iter_15_1776618428343.lts,25,24,-1,70,70,0,30,20,v3c_menos_estados
states_300_iter_18_1776462361014.lts,300,299,-1,2040,2040,0,680,480,v3c_menos_estados
states_305_iter_12_1776398372545.lts,305,304,-1,922,922,0,211,210,v3c_menos_estados
states_30_iter_10_1776437263307.lts,30,29,-1,177,177,0,36,15,v3c_menos_estados
states_34_iter_23_1776396053196.lts,32,31,-1,192,190,-2,0,0,v3c_menos_estados
states_34_iter_23_1776621151725.lts,32,31,-1,192,190,-2,0,0,v3c_menos_estados
states_360_iter_13_1776396500678.lts,352,351,-1,1888,1905,17,1152,584,v3c_menos_estados
states_360_iter_13_1776460538053.lts,360,359,-1,2270,2270,0,834,594,v3c_menos_estados
states_36_iter_19_1776464161292.lts,36,35,-1,149,149,0,51,27,v3c_menos_estados
states_36_iter_23_1776466178179.lts,36,35,-1,149,149,0,51,27,v3c_menos_estados
states_375_iter_19_1776392676766.lts,375,374,-1,3360,3358,-2,1670,1368,v3c_menos_estados
states_375_iter_19_1776393282069.lts,375,374,-1,3360,3358,-2,1670,1368,v3c_menos_estados
states_375_iter_19_1776618347674.lts,375,374,-1,3360,3358,-2,1670,1368,v3c_menos_estados
states_375_iter_19_1776618380631.lts,375,374,-1,3360,3358,-2,1670,1368,v3c_menos_estados
states_48_iter_10_1776438688325.lts,48,47,-1,348,348,0,56,24,v3c_menos_estados
states_4_iter_4_1776396503854.lts,4,3,-1,6,6,0,2,1,v3c_menos_estados
states_4_iter_4_1776396570962.lts,4,3,-1,6,6,0,2,1,v3c_menos_estados
states_4_iter_4_1776622021506.lts,4,3,-1,6,6,0,2,1,v3c_menos_estados
states_4_iter_5_1776396498842.lts,4,3,-1,6,6,0,2,1,v3c_menos_estados
states_4_iter_6_1776396498870.lts,4,3,-1,6,6,0,2,1,v3c_menos_estados
states_4_iter_6_1776396503919.lts,4,3,-1,6,6,0,2,1,v3c_menos_estados
states_4_iter_7_1776396503951.lts,4,3,-1,6,6,0,2,1,v3c_menos_estados
states_4_iter_7_1776396571064.lts,4,3,-1,6,6,0,2,1,v3c_menos_estados
states_4_iter_8_1776396571096.lts,4,3,-1,6,6,0,2,1,v3c_menos_estados
states_4_iter_8_1776622021643.lts,4,3,-1,6,6,0,2,1,v3c_menos_estados
states_4_iter_9_1776622021677.lts,4,3,-1,6,6,0,2,1,v3c_menos_estados
states_5_iter_1_1776396024406.lts,5,4,-1,16,16,0,0,0,v3c_menos_estados
states_60_iter_9_1776460535815.lts,60,59,-1,264,264,0,88,48,v3c_menos_estados
states_64_iter_11_1776439942737.lts,60,59,-1,530,524,-6,60,30,v3c_menos_estados
states_65_iter_9_1776393271168.lts,65,64,-1,301,301,0,139,106,v3c_menos_estados
states_679_iter_14_1776398377622.lts,679,678,-1,2422,2422,0,379,378,v3c_menos_estados
states_6_iter_11_1776419431409.lts,6,5,-1,10,9,-1,1,1,v3c_menos_estados
states_6_iter_8_1776414029688.lts,6,5,-1,10,9,-1,1,1,v3c_menos_estados
states_6_iter_8_1776415830190.lts,6,5,-1,10,9,-1,1,1,v3c_menos_estados
states_6_iter_8_1776417630762.lts,6,5,-1,10,9,-1,1,1,v3c_menos_estados
states_6_iter_8_1776419431320.lts,6,5,-1,10,9,-1,1,1,v3c_menos_estados
states_7_iter_3_1776437252796.lts,5,4,-1,6,6,0,0,0,v3c_menos_estados
states_7_iter_3_1776440222817.lts,5,4,-1,6,6,0,0,0,v3c_menos_estados
states_7_iter_3_1776447605134.lts,5,4,-1,6,6,0,0,0,v3c_menos_estados
states_7_iter_6_1776447605244.lts,5,4,-1,6,6,0,0,0,v3c_menos_estados
states_7_iter_8_1776447605313.lts,5,4,-1,6,6,0,0,0,v3c_menos_estados
states_8_iter_10_1776398384423.lts,8,7,-1,12,12,0,0,0,v3c_menos_estados
states_8_iter_10_1776419746530.lts,8,7,-1,14,13,-1,2,2,v3c_menos_estados
states_8_iter_8_1776419746465.lts,8,7,-1,14,13,-1,2,2,v3c_menos_estados
states_90_iter_15_1776462346946.lts,90,89,-1,411,411,0,135,75,v3c_menos_estados
states_980_iter_8_1776411275015.lts,946,945,-1,3630,3629,-1,882,882,v3c_menos_estados
states_99_iter_13_1776449727229.lts,99,98,-1,349,349,0,120,120,v3c_menos_estados
states_99_iter_9_1776447907036.lts,99,98,-1,369,368,-1,140,140,v3c_menos_estados
states_99_iter_9_1776447913739.lts,99,98,-1,389,388,-1,160,160,v3c_menos_estados
states_9_iter_9_1776396503999.lts,9,8,-1,16,16,0,0,0,v3c_menos_estados
